exec_times,time
0,0.007403
1,failed
2,failed
3,failed
4,failed
5,failed
6,failed
7,failed
8,failed
9,failed
10,failed
11,0.532611
12,failed
13,0.070370
14,failed
15,failed
16,failed
17,failed
18,failed
19,0.414143
20,failed
21,failed
22,0.077181
23,failed
24,failed
25,failed
26,failed
27,0.786725
28,failed
29,0.002040
30,failed
31,failed
32,failed
33,1.381160
34,failed
35,failed
36,0.431046
37,failed
38,failed
39,failed
40,failed
41,failed
42,failed
43,failed
44,failed
45,failed
46,failed
47,failed
48,0.004500
49,0.000022
50,failed
51,failed
52,failed
53,0.590357
54,failed
55,failed
56,failed
57,failed
58,0.741627
59,0.539911
60,failed
61,0.016682
62,failed
63,failed
64,0.659490
65,failed
66,0.010074
67,failed
68,failed
69,failed
70,failed
71,0.008631
72,failed
73,failed
74,0.985741
75,failed
76,1.359095
77,0.979024
78,failed
79,0.051502
80,failed
81,failed
82,failed
83,0.055864
84,failed
85,failed
86,0.002239
87,failed
88,failed
89,failed
90,failed
91,failed
92,failed
93,0.337621
94,failed
95,0.888809
96,failed
97,1.537396
98,failed
99,0.114045
